home_team,away_team,home_score,away_score,Round,Date,Score,Host,Year,winner,result_numeric
Argentina,France,3,3,Final,2022-12-18,(4) 3–3 (2),Qatar,2022,Draw,0
Croatia,Morocco,2,1,Third-place match,2022-12-17,2–1,Qatar,2022,Croatia,1
France,Morocco,2,0,Semi-finals,2022-12-14,2–0,Qatar,2022,France,1
Argentina,Croatia,3,0,Semi-finals,2022-12-13,3–0,Qatar,2022,Argentina,1
Morocco,Portugal,1,0,Quarter-finals,2022-12-10,1–0,Qatar,2022,Morocco,1
England,France,1,2,Quarter-finals,2022-12-10,1–2,Qatar,2022,France,-1
Croatia,Brazil,1,1,Quarter-finals,2022-12-09,(4) 1–1 (2),Qatar,2022,Draw,0
Netherlands,Argentina,2,2,Quarter-finals,2022-12-09,(3) 2–2 (4),Qatar,2022,Draw,0
Morocco,Spain,0,0,Round of 16,2022-12-06,(3) 0–0 (0),Qatar,2022,Draw,0
Portugal,Switzerland,6,1,Round of 16,2022-12-06,6–1,Qatar,2022,Portugal,1
Japan,Croatia,1,1,Round of 16,2022-12-05,(1) 1–1 (3),Qatar,2022,Draw,0
Brazil,Korea Republic,4,1,Round of 16,2022-12-05,4–1,Qatar,2022,Brazil,1
France,Poland,3,1,Round of 16,2022-12-04,3–1,Qatar,2022,France,1
England,Senegal,3,0,Round of 16,2022-12-04,3–0,Qatar,2022,England,1
Argentina,Australia,2,1,Round of 16,2022-12-03,2–1,Qatar,2022,Argentina,1
Korea Republic,Portugal,2,1,Group stage,2022-12-02,2–1,Qatar,2022,Korea Republic,1
Serbia,Switzerland,2,3,Group stage,2022-12-02,2–3,Qatar,2022,Switzerland,-1
Canada,Morocco,1,2,Group stage,2022-12-01,1–2,Qatar,2022,Morocco,-1
Croatia,Belgium,0,0,Group stage,2022-12-01,0–0,Qatar,2022,Draw,0
Japan,Spain,2,1,Group stage,2022-12-01,2–1,Qatar,2022,Japan,1
Australia,Denmark,1,0,Group stage,2022-11-30,1–0,Qatar,2022,Australia,1
Poland,Argentina,0,2,Group stage,2022-11-30,0–2,Qatar,2022,Argentina,-1
Ecuador,Senegal,1,2,Group stage,2022-11-29,1–2,Qatar,2022,Senegal,-1
Netherlands,Qatar,2,0,Group stage,2022-11-29,2–0,Qatar,2022,Netherlands,1
Wales,England,0,3,Group stage,2022-11-29,0–3,Qatar,2022,England,-1
Brazil,Switzerland,1,0,Group stage,2022-11-28,1–0,Qatar,2022,Brazil,1
Portugal,Uruguay,2,0,Group stage,2022-11-28,2–0,Qatar,2022,Portugal,1
Belgium,Morocco,0,2,Group stage,2022-11-27,0–2,Qatar,2022,Morocco,-1
Croatia,Canada,4,1,Group stage,2022-11-27,4–1,Qatar,2022,Croatia,1
Spain,Germany,1,1,Group stage,2022-11-27,1–1,Qatar,2022,Draw,0
France,Denmark,2,1,Group stage,2022-11-26,2–1,Qatar,2022,France,1
Argentina,Mexico,2,0,Group stage,2022-11-26,2–0,Qatar,2022,Argentina,1
Wales,IR Iran,0,2,Group stage,2022-11-25,0–2,Qatar,2022,IR Iran,-1
Qatar,Senegal,1,3,Group stage,2022-11-25,1–3,Qatar,2022,Senegal,-1
Netherlands,Ecuador,1,1,Group stage,2022-11-25,1–1,Qatar,2022,Draw,0
Uruguay,Korea Republic,0,0,Group stage,2022-11-24,0–0,Qatar,2022,Draw,0
Brazil,Serbia,2,0,Group stage,2022-11-24,2–0,Qatar,2022,Brazil,1
Morocco,Croatia,0,0,Group stage,2022-11-23,0–0,Qatar,2022,Draw,0
Germany,Japan,1,2,Group stage,2022-11-23,1–2,Qatar,2022,Japan,-1
Belgium,Canada,1,0,Group stage,2022-11-23,1–0,Qatar,2022,Belgium,1
Mexico,Poland,0,0,Group stage,2022-11-22,0–0,Qatar,2022,Draw,0
France,Australia,4,1,Group stage,2022-11-22,4–1,Qatar,2022,France,1
England,IR Iran,6,2,Group stage,2022-11-21,6–2,Qatar,2022,England,1
Senegal,Netherlands,0,2,Group stage,2022-11-21,0–2,Qatar,2022,Netherlands,-1
Qatar,Ecuador,0,2,Group stage,2022-11-20,0–2,Qatar,2022,Ecuador,-1
France,Croatia,4,2,Final,2018-07-15,4–2,Russia,2018,France,1
Belgium,England,2,0,Third-place match,2018-07-14,2–0,Russia,2018,Belgium,1
Croatia,England,2,1,Semi-finals,2018-07-11,2–1,Russia,2018,Croatia,1
France,Belgium,1,0,Semi-finals,2018-07-10,1–0,Russia,2018,France,1
Sweden,England,0,2,Quarter-finals,2018-07-07,0–2,Russia,2018,England,-1
Russia,Croatia,2,2,Quarter-finals,2018-07-07,(3) 2–2 (4),Russia,2018,Draw,0
Uruguay,France,0,2,Quarter-finals,2018-07-06,0–2,Russia,2018,France,-1
Brazil,Belgium,1,2,Quarter-finals,2018-07-06,1–2,Russia,2018,Belgium,-1
Sweden,Switzerland,1,0,Round of 16,2018-07-03,1–0,Russia,2018,Sweden,1
Colombia,England,1,1,Round of 16,2018-07-03,(3) 1–1 (4),Russia,2018,Draw,0
Brazil,Mexico,2,0,Round of 16,2018-07-02,2–0,Russia,2018,Brazil,1
Belgium,Japan,3,2,Round of 16,2018-07-02,3–2,Russia,2018,Belgium,1
Spain,Russia,1,1,Round of 16,2018-07-01,(3) 1–1 (4),Russia,2018,Draw,0
Croatia,Denmark,1,1,Round of 16,2018-07-01,(3) 1–1 (2),Russia,2018,Draw,0
France,Argentina,4,3,Round of 16,2018-06-30,4–3,Russia,2018,France,1
Uruguay,Portugal,2,1,Round of 16,2018-06-30,2–1,Russia,2018,Uruguay,1
Japan,Poland,0,1,Group stage,2018-06-28,0–1,Russia,2018,Poland,-1
Senegal,Colombia,0,1,Group stage,2018-06-28,0–1,Russia,2018,Colombia,-1
England,Belgium,0,1,Group stage,2018-06-28,0–1,Russia,2018,Belgium,-1
Korea Republic,Germany,2,0,Group stage,2018-06-27,2–0,Russia,2018,Korea Republic,1
Mexico,Sweden,0,3,Group stage,2018-06-27,0–3,Russia,2018,Sweden,-1
Serbia,Brazil,0,2,Group stage,2018-06-27,0–2,Russia,2018,Brazil,-1
Australia,Peru,0,2,Group stage,2018-06-26,0–2,Russia,2018,Peru,-1
Denmark,France,0,0,Group stage,2018-06-26,0–0,Russia,2018,Draw,0
Nigeria,Argentina,1,2,Group stage,2018-06-26,1–2,Russia,2018,Argentina,-1
Uruguay,Russia,3,0,Group stage,2018-06-25,3–0,Russia,2018,Uruguay,1
Spain,Morocco,2,2,Group stage,2018-06-25,2–2,Russia,2018,Draw,0
IR Iran,Portugal,1,1,Group stage,2018-06-25,1–1,Russia,2018,Draw,0
England,Panama,6,1,Group stage,2018-06-24,6–1,Russia,2018,England,1
Japan,Senegal,2,2,Group stage,2018-06-24,2–2,Russia,2018,Draw,0
Poland,Colombia,0,3,Group stage,2018-06-24,0–3,Russia,2018,Colombia,-1
Korea Republic,Mexico,1,2,Group stage,2018-06-23,1–2,Russia,2018,Mexico,-1
Germany,Sweden,2,1,Group stage,2018-06-23,2–1,Russia,2018,Germany,1
Serbia,Switzerland,1,2,Group stage,2018-06-22,1–2,Russia,2018,Switzerland,-1
Denmark,Australia,1,1,Group stage,2018-06-21,1–1,Russia,2018,Draw,0
France,Peru,1,0,Group stage,2018-06-21,1–0,Russia,2018,France,1
Argentina,Croatia,0,3,Group stage,2018-06-21,0–3,Russia,2018,Croatia,-1
Portugal,Morocco,1,0,Group stage,2018-06-20,1–0,Russia,2018,Portugal,1
IR Iran,Spain,0,1,Group stage,2018-06-20,0–1,Russia,2018,Spain,-1
Colombia,Japan,1,2,Group stage,2018-06-19,1–2,Russia,2018,Japan,-1
Poland,Senegal,1,2,Group stage,2018-06-19,1–2,Russia,2018,Senegal,-1
Russia,Egypt,3,1,Group stage,2018-06-19,3–1,Russia,2018,Russia,1
Sweden,Korea Republic,1,0,Group stage,2018-06-18,1–0,Russia,2018,Sweden,1
Belgium,Panama,3,0,Group stage,2018-06-18,3–0,Russia,2018,Belgium,1
Germany,Mexico,0,1,Group stage,2018-06-17,0–1,Russia,2018,Mexico,-1
Brazil,Switzerland,1,1,Group stage,2018-06-17,1–1,Russia,2018,Draw,0
France,Australia,2,1,Group stage,2018-06-16,2–1,Russia,2018,France,1
Peru,Denmark,0,1,Group stage,2018-06-16,0–1,Russia,2018,Denmark,-1
Croatia,Nigeria,2,0,Group stage,2018-06-16,2–0,Russia,2018,Croatia,1
Egypt,Uruguay,0,1,Group stage,2018-06-15,0–1,Russia,2018,Uruguay,-1
Morocco,IR Iran,0,1,Group stage,2018-06-15,0–1,Russia,2018,IR Iran,-1
Portugal,Spain,3,3,Group stage,2018-06-15,3–3,Russia,2018,Draw,0
Germany,Argentina,1,0,Final,2014-07-13,1–0,Brazil,2014,Germany,1
Brazil,Netherlands,0,3,Third-place match,2014-07-12,0–3,Brazil,2014,Netherlands,-1
Netherlands,Argentina,0,0,Semi-finals,2014-07-09,(2) 0–0 (4),Brazil,2014,Draw,0
Brazil,Germany,1,7,Semi-finals,2014-07-08,1–7,Brazil,2014,Germany,-1
Argentina,Belgium,1,0,Quarter-finals,2014-07-05,1–0,Brazil,2014,Argentina,1
France,Germany,0,1,Quarter-finals,2014-07-04,0–1,Brazil,2014,Germany,-1
Brazil,Colombia,2,1,Quarter-finals,2014-07-04,2–1,Brazil,2014,Brazil,1
Argentina,Switzerland,1,0,Round of 16,2014-07-01,1–0,Brazil,2014,Argentina,1
France,Nigeria,2,0,Round of 16,2014-06-30,2–0,Brazil,2014,France,1
Germany,Algeria,2,1,Round of 16,2014-06-30,2–1,Brazil,2014,Germany,1
Netherlands,Mexico,2,1,Round of 16,2014-06-29,2–1,Brazil,2014,Netherlands,1
Colombia,Uruguay,2,0,Round of 16,2014-06-28,2–0,Brazil,2014,Colombia,1
Korea Republic,Belgium,0,1,Group stage,2014-06-26,0–1,Brazil,2014,Belgium,-1
Algeria,Russia,1,1,Group stage,2014-06-26,1–1,Brazil,2014,Draw,0
Nigeria,Argentina,2,3,Group stage,2014-06-25,2–3,Brazil,2014,Argentina,-1
Ecuador,France,0,0,Group stage,2014-06-25,0–0,Brazil,2014,Draw,0
Italy,Uruguay,0,1,Group stage,2014-06-24,0–1,Brazil,2014,Uruguay,-1
Japan,Colombia,1,4,Group stage,2014-06-24,1–4,Brazil,2014,Colombia,-1
Greece,Côte d'Ivoire,2,1,Group stage,2014-06-24,2–1,Brazil,2014,Greece,1
Australia,Spain,0,3,Group stage,2014-06-23,0–3,Brazil,2014,Spain,-1
Croatia,Mexico,1,3,Group stage,2014-06-23,1–3,Brazil,2014,Mexico,-1
Belgium,Russia,1,0,Group stage,2014-06-22,1–0,Brazil,2014,Belgium,1
Korea Republic,Algeria,2,4,Group stage,2014-06-22,2–4,Brazil,2014,Algeria,-1
Argentina,IR Iran,1,0,Group stage,2014-06-21,1–0,Brazil,2014,Argentina,1
Switzerland,France,2,5,Group stage,2014-06-20,2–5,Brazil,2014,France,-1
Colombia,Côte d'Ivoire,2,1,Group stage,2014-06-19,2–1,Brazil,2014,Colombia,1
Uruguay,England,2,1,Group stage,2014-06-19,2–1,Brazil,2014,Uruguay,1
Japan,Greece,0,0,Group stage,2014-06-19,0–0,Brazil,2014,Draw,0
Australia,Netherlands,2,3,Group stage,2014-06-18,2–3,Brazil,2014,Netherlands,-1
Belgium,Algeria,2,1,Group stage,2014-06-17,2–1,Brazil,2014,Belgium,1
Brazil,Mexico,0,0,Group stage,2014-06-17,0–0,Brazil,2014,Draw,0
Russia,Korea Republic,1,1,Group stage,2014-06-17,1–1,Brazil,2014,Draw,0
Germany,Portugal,4,0,Group stage,2014-06-16,4–0,Brazil,2014,Germany,1
IR Iran,Nigeria,0,0,Group stage,2014-06-16,0–0,Brazil,2014,Draw,0
Switzerland,Ecuador,2,1,Group stage,2014-06-15,2–1,Brazil,2014,Switzerland,1
Colombia,Greece,3,0,Group stage,2014-06-14,3–0,Brazil,2014,Colombia,1
England,Italy,1,2,Group stage,2014-06-14,1–2,Brazil,2014,Italy,-1
Côte d'Ivoire,Japan,2,1,Group stage,2014-06-14,2–1,Brazil,2014,Côte d'Ivoire,1
Spain,Netherlands,1,5,Group stage,2014-06-13,1–5,Brazil,2014,Netherlands,-1
Brazil,Croatia,3,1,Group stage,2014-06-12,3–1,Brazil,2014,Brazil,1
Netherlands,Spain,0,1,Final,2010-07-11,0–1,South Africa,2010,Spain,-1
Uruguay,Germany,2,3,Third-place match,2010-07-10,2–3,South Africa,2010,Germany,-1
Germany,Spain,0,1,Semi-finals,2010-07-07,0–1,South Africa,2010,Spain,-1
Uruguay,Netherlands,2,3,Semi-finals,2010-07-06,2–3,South Africa,2010,Netherlands,-1
Argentina,Germany,0,4,Quarter-finals,2010-07-03,0–4,South Africa,2010,Germany,-1
Netherlands,Brazil,2,1,Quarter-finals,2010-07-02,2–1,South Africa,2010,Netherlands,1
Spain,Portugal,1,0,Round of 16,2010-06-29,1–0,South Africa,2010,Spain,1
Netherlands,Slovakia,2,1,Round of 16,2010-06-28,2–1,South Africa,2010,Netherlands,1
Germany,England,4,1,Round of 16,2010-06-27,4–1,South Africa,2010,Germany,1
Argentina,Mexico,3,1,Round of 16,2010-06-27,3–1,South Africa,2010,Argentina,1
Uruguay,Korea Republic,2,1,Round of 16,2010-06-26,2–1,South Africa,2010,Uruguay,1
Portugal,Brazil,0,0,Group stage,2010-06-25,0–0,South Africa,2010,Draw,0
Slovakia,Italy,3,2,Group stage,2010-06-24,3–2,South Africa,2010,Slovakia,1
Denmark,Japan,1,3,Group stage,2010-06-24,1–3,South Africa,2010,Japan,-1
Australia,Serbia,2,1,Group stage,2010-06-23,2–1,South Africa,2010,Australia,1
Mexico,Uruguay,0,1,Group stage,2010-06-22,0–1,South Africa,2010,Uruguay,-1
Nigeria,Korea Republic,2,2,Group stage,2010-06-22,2–2,South Africa,2010,Draw,0
Greece,Argentina,0,2,Group stage,2010-06-22,0–2,South Africa,2010,Argentina,-1
Brazil,Côte d'Ivoire,3,1,Group stage,2010-06-20,3–1,South Africa,2010,Brazil,1
Netherlands,Japan,1,0,Group stage,2010-06-19,1–0,South Africa,2010,Netherlands,1
Germany,Serbia,0,1,Group stage,2010-06-18,0–1,South Africa,2010,Serbia,-1
England,Algeria,0,0,Group stage,2010-06-18,0–0,South Africa,2010,Draw,0
Argentina,Korea Republic,4,1,Group stage,2010-06-17,4–1,South Africa,2010,Argentina,1
Greece,Nigeria,2,1,Group stage,2010-06-17,2–1,South Africa,2010,Greece,1
France,Mexico,0,2,Group stage,2010-06-17,0–2,South Africa,2010,Mexico,-1
Spain,Switzerland,0,1,Group stage,2010-06-16,0–1,South Africa,2010,Switzerland,-1
Côte d'Ivoire,Portugal,0,0,Group stage,2010-06-15,0–0,South Africa,2010,Draw,0
Netherlands,Denmark,2,0,Group stage,2010-06-14,2–0,South Africa,2010,Netherlands,1
Germany,Australia,4,0,Group stage,2010-06-13,4–0,South Africa,2010,Germany,1
Korea Republic,Greece,2,0,Group stage,2010-06-12,2–0,South Africa,2010,Korea Republic,1
Argentina,Nigeria,1,0,Group stage,2010-06-12,1–0,South Africa,2010,Argentina,1
Uruguay,France,0,0,Group stage,2010-06-11,0–0,South Africa,2010,Draw,0
Italy,France,1,1,Final,2006-07-09,(5) 1–1 (3),Germany,2006,Draw,0
Germany,Portugal,3,1,Third-place match,2006-07-08,3–1,Germany,2006,Germany,1
Portugal,France,0,1,Semi-finals,2006-07-05,0–1,Germany,2006,France,-1
Germany,Italy,0,2,Semi-finals,2006-07-04,0–2,Germany,2006,Italy,-1
England,Portugal,0,0,Quarter-finals,2006-07-01,(1) 0–0 (3),Germany,2006,Draw,0
Brazil,France,0,1,Quarter-finals,2006-07-01,0–1,Germany,2006,France,-1
Germany,Argentina,1,1,Quarter-finals,2006-06-30,(4) 1–1 (2),Germany,2006,Draw,0
Italy,Ukraine,3,0,Quarter-finals,2006-06-30,3–0,Germany,2006,Italy,1
Spain,France,1,3,Round of 16,2006-06-27,1–3,Germany,2006,France,-1
Italy,Australia,1,0,Round of 16,2006-06-26,1–0,Germany,2006,Italy,1
Switzerland,Ukraine,0,0,Round of 16,2006-06-26,(0) 0–0 (3),Germany,2006,Draw,0
England,Ecuador,1,0,Round of 16,2006-06-25,1–0,Germany,2006,England,1
Portugal,Netherlands,1,0,Round of 16,2006-06-25,1–0,Germany,2006,Portugal,1
Germany,Sweden,2,0,Round of 16,2006-06-24,2–0,Germany,2006,Germany,1
Argentina,Mexico,2,1,Round of 16,2006-06-24,2–1,Germany,2006,Argentina,1
Switzerland,Korea Republic,2,0,Group stage,2006-06-23,2–0,Germany,2006,Switzerland,1
Japan,Brazil,1,4,Group stage,2006-06-22,1–4,Germany,2006,Brazil,-1
Croatia,Australia,2,2,Group stage,2006-06-22,2–2,Germany,2006,Draw,0
Portugal,Mexico,2,1,Group stage,2006-06-21,2–1,Germany,2006,Portugal,1
Netherlands,Argentina,0,0,Group stage,2006-06-21,0–0,Germany,2006,Draw,0
Ecuador,Germany,0,3,Group stage,2006-06-20,0–3,Germany,2006,Germany,-1
Sweden,England,2,2,Group stage,2006-06-20,2–2,Germany,2006,Draw,0
Japan,Croatia,0,0,Group stage,2006-06-18,0–0,Germany,2006,Draw,0
Brazil,Australia,2,0,Group stage,2006-06-18,2–0,Germany,2006,Brazil,1
France,Korea Republic,1,1,Group stage,2006-06-18,1–1,Germany,2006,Draw,0
Portugal,IR Iran,2,0,Group stage,2006-06-17,2–0,Germany,2006,Portugal,1
Netherlands,Côte d'Ivoire,2,1,Group stage,2006-06-16,2–1,Germany,2006,Netherlands,1
Spain,Ukraine,4,0,Group stage,2006-06-14,4–0,Germany,2006,Spain,1
Germany,Poland,1,0,Group stage,2006-06-14,1–0,Germany,2006,Germany,1
France,Switzerland,0,0,Group stage,2006-06-13,0–0,Germany,2006,Draw,0
Brazil,Croatia,1,0,Group stage,2006-06-13,1–0,Germany,2006,Brazil,1
Australia,Japan,3,1,Group stage,2006-06-12,3–1,Germany,2006,Australia,1
Mexico,IR Iran,3,1,Group stage,2006-06-11,3–1,Germany,2006,Mexico,1
Argentina,Côte d'Ivoire,2,1,Group stage,2006-06-10,2–1,Germany,2006,Argentina,1
Poland,Ecuador,0,2,Group stage,2006-06-09,0–2,Germany,2006,Ecuador,-1
Germany,Brazil,0,2,Final,2002-06-30,0–2,"Korea Republic, Japan",2002,Brazil,-1
Korea Republic,Türkiye,2,3,Third-place match,2002-06-29,2–3,"Korea Republic, Japan",2002,Türkiye,-1
Brazil,Türkiye,1,0,Semi-finals,2002-06-26,1–0,"Korea Republic, Japan",2002,Brazil,1
Germany,Korea Republic,1,0,Semi-finals,2002-06-25,1–0,"Korea Republic, Japan",2002,Germany,1
Spain,Korea Republic,0,0,Quarter-finals,2002-06-22,(3) 0–0 (5),"Korea Republic, Japan",2002,Draw,0
Senegal,Türkiye,0,1,Quarter-finals,2002-06-22,0–1,"Korea Republic, Japan",2002,Türkiye,-1
England,Brazil,1,2,Quarter-finals,2002-06-21,1–2,"Korea Republic, Japan",2002,Brazil,-1
Japan,Türkiye,0,1,Round of 16,2002-06-18,0–1,"Korea Republic, Japan",2002,Türkiye,-1
Korea Republic,Italy,2,1,Round of 16,2002-06-18,2–1,"Korea Republic, Japan",2002,Korea Republic,1
Brazil,Belgium,2,0,Round of 16,2002-06-17,2–0,"Korea Republic, Japan",2002,Brazil,1
Sweden,Senegal,1,2,Round of 16,2002-06-16,1–2,"Korea Republic, Japan",2002,Senegal,-1
Denmark,England,0,3,Round of 16,2002-06-15,0–3,"Korea Republic, Japan",2002,England,-1
Belgium,Russia,3,2,Group stage,2002-06-14,3–2,"Korea Republic, Japan",2002,Belgium,1
Portugal,Korea Republic,0,1,Group stage,2002-06-14,0–1,"Korea Republic, Japan",2002,Korea Republic,-1
Mexico,Italy,1,1,Group stage,2002-06-13,1–1,"Korea Republic, Japan",2002,Draw,0
Ecuador,Croatia,1,0,Group stage,2002-06-13,1–0,"Korea Republic, Japan",2002,Ecuador,1
Sweden,Argentina,1,1,Group stage,2002-06-12,1–1,"Korea Republic, Japan",2002,Draw,0
Nigeria,England,0,0,Group stage,2002-06-12,0–0,"Korea Republic, Japan",2002,Draw,0
Denmark,France,2,0,Group stage,2002-06-11,2–0,"Korea Republic, Japan",2002,Denmark,1
Senegal,Uruguay,3,3,Group stage,2002-06-11,3–3,"Korea Republic, Japan",2002,Draw,0
Portugal,Poland,4,0,Group stage,2002-06-10,4–0,"Korea Republic, Japan",2002,Portugal,1
Mexico,Ecuador,2,1,Group stage,2002-06-09,2–1,"Korea Republic, Japan",2002,Mexico,1
Japan,Russia,1,0,Group stage,2002-06-09,1–0,"Korea Republic, Japan",2002,Japan,1
Italy,Croatia,1,2,Group stage,2002-06-08,1–2,"Korea Republic, Japan",2002,Croatia,-1
Sweden,Nigeria,2,1,Group stage,2002-06-07,2–1,"Korea Republic, Japan",2002,Sweden,1
Argentina,England,0,1,Group stage,2002-06-07,0–1,"Korea Republic, Japan",2002,England,-1
Denmark,Senegal,1,1,Group stage,2002-06-06,1–1,"Korea Republic, Japan",2002,Draw,0
France,Uruguay,0,0,Group stage,2002-06-06,0–0,"Korea Republic, Japan",2002,Draw,0
Japan,Belgium,2,2,Group stage,2002-06-04,2–2,"Korea Republic, Japan",2002,Draw,0
Korea Republic,Poland,2,0,Group stage,2002-06-04,2–0,"Korea Republic, Japan",2002,Korea Republic,1
Croatia,Mexico,0,1,Group stage,2002-06-03,0–1,"Korea Republic, Japan",2002,Mexico,-1
Brazil,Türkiye,2,1,Group stage,2002-06-03,2–1,"Korea Republic, Japan",2002,Brazil,1
Italy,Ecuador,2,0,Group stage,2002-06-03,2–0,"Korea Republic, Japan",2002,Italy,1
Argentina,Nigeria,1,0,Group stage,2002-06-02,1–0,"Korea Republic, Japan",2002,Argentina,1
England,Sweden,1,1,Group stage,2002-06-02,1–1,"Korea Republic, Japan",2002,Draw,0
Uruguay,Denmark,1,2,Group stage,2002-06-01,1–2,"Korea Republic, Japan",2002,Denmark,-1
France,Senegal,0,1,Group stage,2002-05-31,0–1,"Korea Republic, Japan",2002,Senegal,-1
Brazil,France,0,3,Final,1998-07-12,0–3,France,1998,France,-1
Netherlands,Croatia,1,2,Third-place match,1998-07-11,1–2,France,1998,Croatia,-1
France,Croatia,2,1,Semi-finals,1998-07-08,2–1,France,1998,France,1
Brazil,Netherlands,1,1,Semi-finals,1998-07-07,(4) 1–1 (2),France,1998,Draw,0
Netherlands,Argentina,2,1,Quarter-finals,1998-07-04,2–1,France,1998,Netherlands,1
Germany,Croatia,0,3,Quarter-finals,1998-07-04,0–3,France,1998,Croatia,-1
Italy,France,0,0,Quarter-finals,1998-07-03,(3) 0–0 (4),France,1998,Draw,0
Brazil,Denmark,3,2,Quarter-finals,1998-07-03,3–2,France,1998,Brazil,1
Romania,Croatia,0,1,Round of 16,1998-06-30,0–1,France,1998,Croatia,-1
Argentina,England,2,2,Round of 16,1998-06-30,(4) 2–2 (3),France,1998,Draw,0
Germany,Mexico,2,1,Round of 16,1998-06-29,2–1,France,1998,Germany,1
Nigeria,Denmark,1,4,Round of 16,1998-06-28,1–4,France,1998,Denmark,-1
Italy,Norway,1,0,Round of 16,1998-06-27,1–0,France,1998,Italy,1
Argentina,Croatia,1,0,Group stage,1998-06-26,1–0,France,1998,Argentina,1
Colombia,England,0,2,Group stage,1998-06-26,0–2,France,1998,England,-1
Netherlands,Mexico,2,2,Group stage,1998-06-25,2–2,France,1998,Draw,0
Belgium,Korea Republic,1,1,Group stage,1998-06-25,1–1,France,1998,Draw,0
Germany,IR Iran,2,0,Group stage,1998-06-25,2–0,France,1998,Germany,1
France,Denmark,2,1,Group stage,1998-06-24,2–1,France,1998,France,1
Italy,Austria,2,1,Group stage,1998-06-23,2–1,France,1998,Italy,1
Brazil,Norway,1,2,Group stage,1998-06-23,1–2,France,1998,Norway,-1
Scotland,Morocco,0,3,Group stage,1998-06-23,0–3,France,1998,Morocco,-1
Romania,England,2,1,Group stage,1998-06-22,2–1,France,1998,Romania,1
Japan,Croatia,0,1,Group stage,1998-06-20,0–1,France,1998,Croatia,-1
Belgium,Mexico,2,2,Group stage,1998-06-20,2–2,France,1998,Draw,0
Netherlands,Korea Republic,5,0,Group stage,1998-06-20,5–0,France,1998,Netherlands,1
Scotland,Norway,1,1,Group stage,1998-06-16,1–1,France,1998,Draw,0
Brazil,Morocco,3,0,Group stage,1998-06-16,3–0,France,1998,Brazil,1
Romania,Colombia,1,0,Group stage,1998-06-15,1–0,France,1998,Romania,1
Argentina,Japan,1,0,Group stage,1998-06-14,1–0,France,1998,Argentina,1
Spain,Nigeria,2,3,Group stage,1998-06-13,2–3,France,1998,Nigeria,-1
Korea Republic,Mexico,1,3,Group stage,1998-06-13,1–3,France,1998,Mexico,-1
Netherlands,Belgium,0,0,Group stage,1998-06-13,0–0,France,1998,Draw,0
Brazil,Scotland,2,1,Group stage,1998-06-10,2–1,France,1998,Brazil,1
Morocco,Norway,2,2,Group stage,1998-06-10,2–2,France,1998,Draw,0
Brazil,Italy,0,0,Final,1994-07-17,(3) 0–0 (2),United States,1994,Draw,0
Sweden,Brazil,0,1,Semi-finals,1994-07-13,0–1,United States,1994,Brazil,-1
Romania,Sweden,2,2,Quarter-finals,1994-07-10,(4) 2–2 (5),United States,1994,Draw,0
Italy,Spain,2,1,Quarter-finals,1994-07-09,2–1,United States,1994,Italy,1
Netherlands,Brazil,2,3,Quarter-finals,1994-07-09,2–3,United States,1994,Brazil,-1
Nigeria,Italy,1,2,Round of 16,1994-07-05,1–2,United States,1994,Italy,-1
Romania,Argentina,3,2,Round of 16,1994-07-03,3–2,United States,1994,Romania,1
Germany,Belgium,3,2,Round of 16,1994-07-02,3–2,United States,1994,Germany,1
Spain,Switzerland,3,0,Round of 16,1994-07-02,3–0,United States,1994,Spain,1
Greece,Nigeria,0,2,Group stage,1994-06-30,0–2,United States,1994,Nigeria,-1
Morocco,Netherlands,1,2,Group stage,1994-06-29,1–2,United States,1994,Netherlands,-1
Italy,Mexico,1,1,Group stage,1994-06-28,1–1,United States,1994,Draw,0
Brazil,Sweden,1,1,Group stage,1994-06-28,1–1,United States,1994,Draw,0
Germany,Korea Republic,3,2,Group stage,1994-06-27,3–2,United States,1994,Germany,1
Switzerland,Colombia,0,2,Group stage,1994-06-26,0–2,United States,1994,Colombia,-1
Belgium,Netherlands,1,0,Group stage,1994-06-25,1–0,United States,1994,Belgium,1
Argentina,Nigeria,2,1,Group stage,1994-06-25,2–1,United States,1994,Argentina,1
Sweden,Russia,3,1,Group stage,1994-06-24,3–1,United States,1994,Sweden,1
Italy,Norway,1,0,Group stage,1994-06-23,1–0,United States,1994,Italy,1
Romania,Switzerland,1,4,Group stage,1994-06-22,1–4,United States,1994,Switzerland,-1
Argentina,Greece,4,0,Group stage,1994-06-21,4–0,United States,1994,Argentina,1
Germany,Spain,1,1,Group stage,1994-06-21,1–1,United States,1994,Draw,0
Brazil,Russia,2,0,Group stage,1994-06-20,2–0,United States,1994,Brazil,1
Belgium,Morocco,1,0,Group stage,1994-06-19,1–0,United States,1994,Belgium,1
Norway,Mexico,1,0,Group stage,1994-06-19,1–0,United States,1994,Norway,1
Colombia,Romania,1,3,Group stage,1994-06-18,1–3,United States,1994,Romania,-1
Spain,Korea Republic,2,2,Group stage,1994-06-17,2–2,United States,1994,Draw,0
Italy,England,2,1,Third-place match,1990-07-07,2–1,Italy,1990,Italy,1
Italy,Argentina,1,1,Semi-finals,1990-07-03,(3) 1–1 (4),Italy,1990,Draw,0
England,Belgium,1,0,Round of 16,1990-06-26,1–0,Italy,1990,England,1
Italy,Uruguay,2,0,Round of 16,1990-06-25,2–0,Italy,1990,Italy,1
Brazil,Argentina,0,1,Round of 16,1990-06-24,0–1,Italy,1990,Argentina,-1
Belgium,Spain,1,2,Group stage,1990-06-21,1–2,Italy,1990,Spain,-1
Korea Republic,Uruguay,0,1,Group stage,1990-06-21,0–1,Italy,1990,Uruguay,-1
England,Egypt,1,0,Group stage,1990-06-21,1–0,Italy,1990,England,1
Brazil,Scotland,1,0,Group stage,1990-06-20,1–0,Italy,1990,Brazil,1
Argentina,Romania,1,1,Group stage,1990-06-18,1–1,Italy,1990,Draw,0
Belgium,Uruguay,3,1,Group stage,1990-06-17,3–1,Italy,1990,Belgium,1
Korea Republic,Spain,1,3,Group stage,1990-06-17,1–3,Italy,1990,Spain,-1
England,Netherlands,0,0,Group stage,1990-06-16,0–0,Italy,1990,Draw,0
Sweden,Scotland,1,2,Group stage,1990-06-16,1–2,Italy,1990,Scotland,-1
Uruguay,Spain,0,0,Group stage,1990-06-13,0–0,Italy,1990,Draw,0
Belgium,Korea Republic,2,0,Group stage,1990-06-12,2–0,Italy,1990,Belgium,1
Netherlands,Egypt,1,1,Group stage,1990-06-12,1–1,Italy,1990,Draw,0
Brazil,Sweden,2,1,Group stage,1990-06-10,2–1,Italy,1990,Brazil,1
Italy,Austria,1,0,Group stage,1990-06-09,1–0,Italy,1990,Italy,1
France,Belgium,4,2,Third-place match,1986-06-28,4–2,Mexico,1986,France,1
Argentina,Belgium,2,0,Semi-finals,1986-06-25,2–0,Mexico,1986,Argentina,1
Argentina,England,2,1,Quarter-finals,1986-06-22,2–1,Mexico,1986,Argentina,1
Spain,Belgium,1,1,Quarter-finals,1986-06-22,(4) 1–1 (5),Mexico,1986,Draw,0
Brazil,France,1,1,Quarter-finals,1986-06-21,(3) 1–1 (4),Mexico,1986,Draw,0
Denmark,Spain,1,5,Round of 16,1986-06-18,1–5,Mexico,1986,Spain,-1
Italy,France,0,2,Round of 16,1986-06-17,0–2,Mexico,1986,France,-1
Brazil,Poland,4,0,Round of 16,1986-06-16,4–0,Mexico,1986,Brazil,1
Argentina,Uruguay,1,0,Round of 16,1986-06-16,1–0,Mexico,1986,Argentina,1
Scotland,Uruguay,0,0,Group stage,1986-06-13,0–0,Mexico,1986,Draw,0
Algeria,Spain,0,3,Group stage,1986-06-12,0–3,Mexico,1986,Spain,-1
England,Poland,3,0,Group stage,1986-06-11,3–0,Mexico,1986,England,1
Portugal,Morocco,1,3,Group stage,1986-06-11,1–3,Mexico,1986,Morocco,-1
Korea Republic,Italy,2,3,Group stage,1986-06-10,2–3,Mexico,1986,Italy,-1
Hungary,France,0,3,Group stage,1986-06-09,0–3,Mexico,1986,France,-1
Denmark,Uruguay,6,1,Group stage,1986-06-08,6–1,Mexico,1986,Denmark,1
Poland,Portugal,1,0,Group stage,1986-06-07,1–0,Mexico,1986,Poland,1
Brazil,Algeria,1,0,Group stage,1986-06-06,1–0,Mexico,1986,Brazil,1
Hungary,Canada,2,0,Group stage,1986-06-06,2–0,Mexico,1986,Hungary,1
England,Morocco,0,0,Group stage,1986-06-06,0–0,Mexico,1986,Draw,0
Italy,Argentina,1,1,Group stage,1986-06-05,1–1,Mexico,1986,Draw,0
Scotland,Denmark,0,1,Group stage,1986-06-04,0–1,Mexico,1986,Denmark,-1
Belgium,Mexico,1,2,Group stage,1986-06-03,1–2,Mexico,1986,Mexico,-1
Portugal,England,1,0,Group stage,1986-06-03,1–0,Mexico,1986,Portugal,1
Argentina,Korea Republic,3,1,Group stage,1986-06-02,3–1,Mexico,1986,Argentina,1
Morocco,Poland,0,0,Group stage,1986-06-02,0–0,Mexico,1986,Draw,0
Spain,Brazil,0,1,Group stage,1986-06-01,0–1,Mexico,1986,Brazil,-1
Canada,France,0,1,Group stage,1986-06-01,0–1,Mexico,1986,France,-1
Poland,France,3,2,Third-place match,1982-07-10,3–2,Spain,1982,Poland,1
Poland,Italy,0,2,Semi-finals,1982-07-08,0–2,Spain,1982,Italy,-1
Italy,Brazil,3,2,Second group stage,1982-07-05,3–2,Spain,1982,Italy,1
Spain,England,0,0,Second group stage,1982-07-05,0–0,Spain,1982,Draw,0
Argentina,Brazil,1,3,Second group stage,1982-07-02,1–3,Spain,1982,Brazil,-1
Italy,Argentina,2,1,Second group stage,1982-06-29,2–1,Spain,1982,Italy,1
Austria,France,0,1,Second group stage,1982-06-28,0–1,Spain,1982,France,-1
Poland,Belgium,3,0,Second group stage,1982-06-28,3–0,Spain,1982,Poland,1
Poland,Peru,5,1,First group stage,1982-06-22,5–1,Spain,1982,Poland,1
Belgium,Hungary,1,1,First group stage,1982-06-22,1–1,Spain,1982,Draw,0
Algeria,Austria,0,2,First group stage,1982-06-21,0–2,Spain,1982,Austria,-1
Italy,Peru,1,1,First group stage,1982-06-18,1–1,Spain,1982,Draw,0
Brazil,Scotland,4,1,First group stage,1982-06-18,4–1,Spain,1982,Brazil,1
Argentina,Hungary,4,1,First group stage,1982-06-18,4–1,Spain,1982,Argentina,1
England,France,3,1,First group stage,1982-06-16,3–1,Spain,1982,England,1
Italy,Poland,0,0,First group stage,1982-06-14,0–0,Spain,1982,Draw,0
Argentina,Belgium,0,1,First group stage,1982-06-13,0–1,Spain,1982,Belgium,-1
Argentina,Netherlands,3,1,Final,1978-06-25,3–1,Argentina,1978,Argentina,1
Brazil,Italy,2,1,Third-place match,1978-06-24,2–1,Argentina,1978,Brazil,1
Netherlands,Italy,2,1,Second round,1978-06-21,2–1,Argentina,1978,Netherlands,1
Brazil,Poland,3,1,Second round,1978-06-21,3–1,Argentina,1978,Brazil,1
Argentina,Peru,6,0,Second round,1978-06-21,6–0,Argentina,1978,Argentina,1
Poland,Peru,1,0,Second round,1978-06-18,1–0,Argentina,1978,Poland,1
Italy,Austria,1,0,Second round,1978-06-18,1–0,Argentina,1978,Italy,1
Argentina,Brazil,0,0,Second round,1978-06-18,0–0,Argentina,1978,Draw,0
Netherlands,Austria,5,1,Second round,1978-06-14,5–1,Argentina,1978,Netherlands,1
Brazil,Peru,3,0,Second round,1978-06-14,3–0,Argentina,1978,Brazil,1
Argentina,Poland,2,0,Second round,1978-06-14,2–0,Argentina,1978,Argentina,1
Brazil,Austria,1,0,First round,1978-06-11,1–0,Argentina,1978,Brazil,1
Spain,Sweden,1,0,First round,1978-06-11,1–0,Argentina,1978,Spain,1
Peru,IR Iran,4,1,First round,1978-06-11,4–1,Argentina,1978,Peru,1
Scotland,Netherlands,3,2,First round,1978-06-11,3–2,Argentina,1978,Scotland,1
France,Hungary,3,1,First round,1978-06-10,3–1,Argentina,1978,France,1
Poland,Mexico,3,1,First round,1978-06-10,3–1,Argentina,1978,Poland,1
Italy,Argentina,1,0,First round,1978-06-10,1–0,Argentina,1978,Italy,1
Austria,Sweden,1,0,First round,1978-06-07,1–0,Argentina,1978,Austria,1
Brazil,Spain,0,0,First round,1978-06-07,0–0,Argentina,1978,Draw,0
Netherlands,Peru,0,0,First round,1978-06-07,0–0,Argentina,1978,Draw,0
Scotland,IR Iran,1,1,First round,1978-06-07,1–1,Argentina,1978,Draw,0
Italy,Hungary,3,1,First round,1978-06-06,3–1,Argentina,1978,Italy,1
Argentina,France,2,1,First round,1978-06-06,2–1,Argentina,1978,Argentina,1
Sweden,Brazil,1,1,First round,1978-06-03,1–1,Argentina,1978,Draw,0
Austria,Spain,2,1,First round,1978-06-03,2–1,Argentina,1978,Austria,1
Peru,Scotland,3,1,First round,1978-06-03,3–1,Argentina,1978,Peru,1
Netherlands,IR Iran,3,0,First round,1978-06-03,3–0,Argentina,1978,Netherlands,1
Italy,France,2,1,First round,1978-06-02,2–1,Argentina,1978,Italy,1
Argentina,Hungary,2,1,First round,1978-06-02,2–1,Argentina,1978,Argentina,1
Brazil,Poland,0,1,Third-place match,1974-07-06,0–1,Germany,1974,Poland,-1
Netherlands,Brazil,2,0,Second round,1974-07-03,2–0,Germany,1974,Netherlands,1
Argentina,Brazil,1,2,Second round,1974-06-30,1–2,Germany,1974,Brazil,-1
Sweden,Poland,0,1,Second round,1974-06-26,0–1,Germany,1974,Poland,-1
Netherlands,Argentina,4,0,Second round,1974-06-26,4–0,Germany,1974,Netherlands,1
Poland,Italy,2,1,First round,1974-06-23,2–1,Germany,1974,Poland,1
Sweden,Uruguay,3,0,First round,1974-06-23,3–0,Germany,1974,Sweden,1
Netherlands,Sweden,0,0,First round,1974-06-19,0–0,Germany,1974,Draw,0
Argentina,Italy,1,1,First round,1974-06-19,1–1,Germany,1974,Draw,0
Scotland,Brazil,0,0,First round,1974-06-18,0–0,Germany,1974,Draw,0
Uruguay,Netherlands,0,2,First round,1974-06-15,0–2,Germany,1974,Netherlands,-1
Poland,Argentina,3,2,First round,1974-06-15,3–2,Germany,1974,Poland,1
Brazil,Italy,4,1,Final,1970-06-21,4–1,Mexico,1970,Brazil,1
Brazil,Uruguay,3,1,Semi-finals,1970-06-17,3–1,Mexico,1970,Brazil,1
Brazil,Peru,4,2,Quarter-finals,1970-06-14,4–2,Mexico,1970,Brazil,1
Italy,Mexico,4,1,Quarter-finals,1970-06-14,4–1,Mexico,1970,Italy,1
Mexico,Belgium,1,0,Group stage,1970-06-11,1–0,Mexico,1970,Mexico,1
Brazil,Romania,3,2,Group stage,1970-06-10,3–2,Mexico,1970,Brazil,1
Sweden,Uruguay,1,0,Group stage,1970-06-10,1–0,Mexico,1970,Sweden,1
Brazil,England,1,0,Group stage,1970-06-07,1–0,Mexico,1970,Brazil,1
Uruguay,Italy,0,0,Group stage,1970-06-06,0–0,Mexico,1970,Draw,0
Peru,Morocco,3,0,Group stage,1970-06-06,3–0,Mexico,1970,Peru,1
Italy,Sweden,1,0,Group stage,1970-06-03,1–0,Mexico,1970,Italy,1
England,Romania,1,0,Group stage,1970-06-02,1–0,Mexico,1970,England,1
England,Portugal,2,1,Semi-finals,1966-07-26,2–1,England,1966,England,1
England,Argentina,1,0,Quarter-finals,1966-07-23,1–0,England,1966,England,1
England,France,2,0,Group stage,1966-07-20,2–0,England,1966,England,1
Uruguay,Mexico,0,0,Group stage,1966-07-19,0–0,England,1966,Draw,0
Argentina,Switzerland,2,0,Group stage,1966-07-19,2–0,England,1966,Argentina,1
Portugal,Brazil,3,1,Group stage,1966-07-19,3–1,England,1966,Portugal,1
England,Mexico,2,0,Group stage,1966-07-16,2–0,England,1966,England,1
Spain,Switzerland,2,1,Group stage,1966-07-15,2–1,England,1966,Spain,1
Uruguay,France,2,1,Group stage,1966-07-15,2–1,England,1966,Uruguay,1
Hungary,Brazil,3,1,Group stage,1966-07-15,3–1,England,1966,Hungary,1
Argentina,Spain,2,1,Group stage,1966-07-13,2–1,England,1966,Argentina,1
France,Mexico,1,1,Group stage,1966-07-13,1–1,England,1966,Draw,0
Portugal,Hungary,3,1,Group stage,1966-07-13,3–1,England,1966,Portugal,1
England,Uruguay,0,0,Group stage,1966-07-11,0–0,England,1966,Draw,0
Brazil,England,3,1,Quarter-finals,1962-06-10,3–1,Chile,1962,Brazil,1
Italy,Switzerland,3,0,Group stage,1962-06-07,3–0,Chile,1962,Italy,1
Hungary,Argentina,0,0,Group stage,1962-06-06,0–0,Chile,1962,Draw,0
Brazil,Spain,2,1,Group stage,1962-06-06,2–1,Chile,1962,Brazil,1
Spain,Mexico,1,0,Group stage,1962-06-03,1–0,Chile,1962,Spain,1
England,Argentina,3,1,Group stage,1962-06-02,3–1,Chile,1962,England,1
Hungary,England,2,1,Group stage,1962-05-31,2–1,Chile,1962,Hungary,1
Uruguay,Colombia,2,1,Group stage,1962-05-30,2–1,Chile,1962,Uruguay,1
Brazil,Mexico,2,0,Group stage,1962-05-30,2–0,Chile,1962,Brazil,1
Brazil,Sweden,5,2,Final,1958-06-29,5–2,Sweden,1958,Brazil,1
Brazil,France,5,2,Semi-finals,1958-06-24,5–2,Sweden,1958,Brazil,1
Brazil,Wales,1,0,Quarter-finals,1958-06-19,1–0,Sweden,1958,Brazil,1
Wales,Hungary,2,1,Group stage play-off,1958-06-17,2–1,Sweden,1958,Wales,1
Sweden,Wales,0,0,Group stage,1958-06-15,0–0,Sweden,1958,Draw,0
England,Austria,2,2,Group stage,1958-06-15,2–2,Sweden,1958,Draw,0
Hungary,Mexico,4,0,Group stage,1958-06-15,4–0,Sweden,1958,Hungary,1
France,Scotland,2,1,Group stage,1958-06-15,2–1,Sweden,1958,France,1
Sweden,Hungary,2,1,Group stage,1958-06-12,2–1,Sweden,1958,Sweden,1
Brazil,England,0,0,Group stage,1958-06-11,0–0,Sweden,1958,Draw,0
Mexico,Wales,1,1,Group stage,1958-06-11,1–1,Sweden,1958,Draw,0
Sweden,Mexico,3,0,Group stage,1958-06-08,3–0,Sweden,1958,Sweden,1
Hungary,Wales,1,1,Group stage,1958-06-08,1–1,Sweden,1958,Draw,0
Brazil,Austria,3,0,Group stage,1958-06-08,3–0,Sweden,1958,Brazil,1
Germany,Hungary,3,2,Final,1954-07-04,3–2,Switzerland,1954,Germany,1
Austria,Uruguay,3,1,Third-place match,1954-07-03,3–1,Switzerland,1954,Austria,1
Hungary,Uruguay,4,2,Semi-finals,1954-06-30,4–2,Switzerland,1954,Hungary,1
Germany,Austria,6,1,Semi-finals,1954-06-30,6–1,Switzerland,1954,Germany,1
Hungary,Brazil,4,2,Quarter-finals,1954-06-27,4–2,Switzerland,1954,Hungary,1
Uruguay,England,4,2,Quarter-finals,1954-06-26,4–2,Switzerland,1954,Uruguay,1
Switzerland,Austria,5,7,Quarter-finals,1954-06-26,5–7,Switzerland,1954,Austria,-1
Germany,Türkiye,7,2,Group stage play-off,1954-06-23,7–2,Switzerland,1954,Germany,1
Switzerland,Italy,4,1,Group stage play-off,1954-06-23,4–1,Switzerland,1954,Switzerland,1
Hungary,Germany,8,3,Group stage,1954-06-20,8–3,Switzerland,1954,Hungary,1
Türkiye,Korea Republic,7,0,Group stage,1954-06-20,7–0,Switzerland,1954,Türkiye,1
Italy,Belgium,4,1,Group stage,1954-06-20,4–1,Switzerland,1954,Italy,1
Switzerland,England,0,2,Group stage,1954-06-20,0–2,Switzerland,1954,England,-1
Uruguay,Scotland,7,0,Group stage,1954-06-19,7–0,Switzerland,1954,Uruguay,1
France,Mexico,3,2,Group stage,1954-06-19,3–2,Switzerland,1954,France,1
Switzerland,Italy,2,1,Group stage,1954-06-17,2–1,Switzerland,1954,Switzerland,1
Hungary,Korea Republic,9,0,Group stage,1954-06-17,9–0,Switzerland,1954,Hungary,1
Germany,Türkiye,4,1,Group stage,1954-06-17,4–1,Switzerland,1954,Germany,1
England,Belgium,4,4,Group stage,1954-06-17,4–4,Switzerland,1954,Draw,0
Brazil,Mexico,5,0,Group stage,1954-06-16,5–0,Switzerland,1954,Brazil,1
Austria,Scotland,1,0,Group stage,1954-06-16,1–0,Switzerland,1954,Austria,1
Sweden,Spain,3,1,Final stage,1950-07-16,3–1,Brazil,1950,Sweden,1
Uruguay,Brazil,2,1,Final stage,1950-07-16,2–1,Brazil,1950,Uruguay,1
Brazil,Spain,6,1,Final stage,1950-07-13,6–1,Brazil,1950,Brazil,1
Uruguay,Sweden,3,2,Final stage,1950-07-13,3–2,Brazil,1950,Uruguay,1
Brazil,Sweden,7,1,Final stage,1950-07-09,7–1,Brazil,1950,Brazil,1
Uruguay,Spain,2,2,Final stage,1950-07-09,2–2,Brazil,1950,Draw,0
Spain,England,1,0,Group stage,1950-07-02,1–0,Brazil,1950,Spain,1
Switzerland,Mexico,2,1,Group stage,1950-07-02,2–1,Brazil,1950,Switzerland,1
Brazil,Switzerland,2,2,Group stage,1950-06-28,2–2,Brazil,1950,Draw,0
Sweden,Italy,3,2,Group stage,1950-06-25,3–2,Brazil,1950,Sweden,1
Brazil,Mexico,4,0,Group stage,1950-06-24,4–0,Brazil,1950,Brazil,1
Brazil,Sweden,4,2,Third-place match,1938-06-19,4–2,France,1938,Brazil,1
Italy,Hungary,4,2,Final,1938-06-19,4–2,France,1938,Italy,1
Hungary,Sweden,5,1,Semi-finals,1938-06-16,5–1,France,1938,Hungary,1
Italy,Brazil,2,1,Semi-finals,1938-06-16,2–1,France,1938,Italy,1
Hungary,Switzerland,2,0,Quarter-finals,1938-06-12,2–0,France,1938,Hungary,1
Italy,France,3,1,Quarter-finals,1938-06-12,3–1,France,1938,Italy,1
Switzerland,Germany,4,2,Round of 16,1938-06-09,4–2,France,1938,Switzerland,1
Italy,Norway,2,1,Round of 16,1938-06-05,2–1,France,1938,Italy,1
France,Belgium,3,1,Round of 16,1938-06-05,3–1,France,1938,France,1
Brazil,Poland,6,5,Round of 16,1938-06-05,6–5,France,1938,Brazil,1
Switzerland,Germany,1,1,Round of 16,1938-06-04,1–1,France,1938,Draw,0
Germany,Austria,3,2,Third-place match,1934-06-07,3–2,Italy,1934,Germany,1
Italy,Austria,1,0,Semi-finals,1934-06-03,1–0,Italy,1934,Italy,1
Italy,Spain,1,0,Quarter-finals,1934-06-01,1–0,Italy,1934,Italy,1
Austria,Hungary,2,1,Quarter-finals,1934-05-31,2–1,Italy,1934,Austria,1
Italy,Spain,1,1,Quarter-finals,1934-05-31,1–1,Italy,1934,Draw,0
Germany,Sweden,2,1,Quarter-finals,1934-05-31,2–1,Italy,1934,Germany,1
Hungary,Egypt,4,2,Round of 16,1934-05-27,4–2,Italy,1934,Hungary,1
Austria,France,3,2,Round of 16,1934-05-27,3–2,Italy,1934,Austria,1
Switzerland,Netherlands,3,2,Round of 16,1934-05-27,3–2,Italy,1934,Switzerland,1
Sweden,Argentina,3,2,Round of 16,1934-05-27,3–2,Italy,1934,Sweden,1
Spain,Brazil,3,1,Round of 16,1934-05-27,3–1,Italy,1934,Spain,1
Germany,Belgium,5,2,Round of 16,1934-05-27,5–2,Italy,1934,Germany,1
Uruguay,Argentina,4,2,Final,1930-07-30,4–2,Uruguay,1930,Uruguay,1
Uruguay,Romania,4,0,Group stage,1930-07-21,4–0,Uruguay,1930,Uruguay,1
Argentina,Mexico,6,3,Group stage,1930-07-19,6–3,Uruguay,1930,Argentina,1
Uruguay,Peru,1,0,Group stage,1930-07-18,1–0,Uruguay,1930,Uruguay,1
Argentina,France,1,0,Group stage,1930-07-15,1–0,Uruguay,1930,Argentina,1
Romania,Peru,3,1,Group stage,1930-07-14,3–1,Uruguay,1930,Romania,1
France,Mexico,4,1,Group stage,1930-07-13,4–1,Uruguay,1930,France,1
